type,abundance,name,aas
AAS_CYP9,12,1A2,MALSQSVPFSATELLLASAIFCLVFWVLKGLRPRVPKGLKSPPEPWGWPLLGHVLTLGKNPHLALSRMSQRYGDVLQIRIGSTPVLVLSRLDTIRQALVRQGDDFKGRPDLYTSTLITDGQSLTFSTDSGPVWAARRRLAQNALNTFSIASDPASSSSCYLEEHVSKEAKALISRLQELMAGPGHFDPYNQVVVSVANVIGAMCFGQHFPESSDEMLSLVKNTHEFVETASSGNPLDFFPILRYLPNPALQRFKAFNQRFLWFLQKTVQEHYQDFDKNSVRDITGALFKHSKKGPRASGNLIPQEKIVNLVNDIFGAGFDTVTTAISWSLMYLVTKPEIQRKIQKELDTVIGRERRPRLSDRPQLPYLEAFILETFRHSSFLPFTIPHSTTRDTTLNGFYIPKKCCVFVNQWQVNHDPELWEDPSEFRPERFLTADGTAINKPLSEKMMLFGMGKRRCIGEVLAKWEIFLFLAILLQQLEFSVPPGVKVDLTPIYGLTMKHARCEHVQARRFSIN
AAS_CYP9,2.5,2B6,MELSVLLFLALLTGLLLLLVQRHPNTHDRLPPGPRPLPLLGNLLQMDRRGLLKSFLRFREKYGDVFTVHLGPRPVVMLCGVEAIREALVDKAEAFSGRGKIAMVDPFFRGYGVIFANGNRWKVLRRFSVTTMRDFGMGKRSVEERIQEEAQCLIEELRKSKGALMDPTFLFQSITANIICSIVFGKRFHYQDQEFLKMLNLFYQTFSLISSVFGQLFELFSGFLKYFPGAHRQVYKNLQEINAYIGHSVEKHRETLDPSAPKDLIDTYLLHMEKEKSNAHSEFSHQNLNLNTLSLFFAGTETTSTTLRYGFLLMLKYPHVAERVYREIEQVIGPHRPPELHDRAKMPYTEAVIYEIQRFSDLLPMGVPHIVTQHTSFRGYIIPKDTEVFLILSTALHDPHYFEKPDAFNPDHFLDANGALKKTEAFIPFSLGKRICLGEGIARAELFLFFTTILQNFSMASPVAPEDIDLTPQECGVGKIPPTYQIRFLPR
AAS_CYP9,8.3,2A6,MLASGMLLVALLVCLTVMVLMSVWQQRKSKGKLPPGPTPLPFIGNYLQLNTEQMYNSLMKISERYGPVFTIHLGPRRVVVLCGHDAVREALVDQAEEFSGRGEQATFDWVFKGYGVVFSNGERAKQLRRFSIATLRDFGVGKRGIEERIQEEAGFLIDALRGTGGANIDPTFFLSRTVSNVISSIVFGDRFDYKDKEFLSLLRMMLGIFQFTSTSTGQLYEMFSSVMKHLPGPQQQAFQLLQGLEDFIAKKVEHNQRTLDPNSPRDFIDSFLIRMQEEEKNPNTEFYLKNLVMTTLNLFIGGTETVSTTLRYGFLLLMKHPEVEAKVHEEIDRVIGKNRQPKFEDRAKMPYMEAVIHEIQRFGDVIPMSLARRVKKDTKFRDFFLPKGTEVFPMLGSVLRDPSFFSNPQDFNPQHFLNEKGQFKKSDAFVPFSIGKRNCFGEGLARMELFLFFTTVMQNFRLKSSQSPKDIDVSPKHVGFATIPRNYTMSFLPR
AAS_CYP9,35.7,3A4,MALIPDLAMETWLLLAVSLVLLYLYGTHSHGLFKKLGIPGPTPLPFLGNILSYHKGFCMFDMECHKKYGKVWGFYDGQQPVLAITDPDMIKTVLVKECYSVFTNRRPFGPVGFMKSAISIAEDEEWKRLRSLLSPTFTSGKLKEMVPIIAQYGDVLVRNLRREAETGKPVTLKDVFGAYSMDVITSTSFGVNIDSLNNPQDPFVENTKKLLRFDFLDPFFLSITVFPFLIPILEVLNICVFPREVTNFLRKSVKRMKESRLEDTQKHRVDFLQLMIDSQNSKETESHKALSDLELVAQSIIFIFAGYETTSSVLSFIMYELATHPDVQQKLQEEIDAVLPNKAPPTYDTVLQMEYLDMVVNETLRLFPIAMRLERVCKKDVEINGMFIPKGVVVMIPSYALHRDPKYWTEPEKFLPERFSKKNKDNIDPYIYTPFGSGPRNCIGMRFALMNMKLALIRVLQNFSFKPCKETQIPLKLSLGGLLQPEKPVVLKVESRDGTVSGA
AAS_CYP9,5.5,2CB,MEPFVVLVLCLSFMLLFSLWRQSCRRRKLPPGPTPLPIIGNMLQIDVKDICKSFTNFSKVYGPVFTVYFGMNPIVVFHGYEAVKEALIDNGEEFSGRGNSPISQRITKGLGIISSNGKRWKEIRRFSLTTLRNFGMGKRSIEDRVQEEAHCLVEELRKTKASPCDPTFILGCAPCNVICSVVFQKRFDYKDQNFLTLMKRFNENFRILNSPWIQVCNNFPLLIDCFPGTHNKVLKNVALTRSYIREKVKEHQASLDVNNPRDFIDCFLIKMEQEKDNQKSEFNIENLVGTVADLFVAGTETTSTTLRYGLLLLLKHPEVTAKVQEEIDHVIGRHRSPCMQDRSHMPYTDAVVHEIQRYSDLVPTGVPHAVTTDTKFRNYLIPKGTTIMALLTSVLHDDKEFPNPNIFDPGHFLDKNGNFKKSDYFMPFSAGKRICAGEGLARMELFLFLTTILQNFNLKSVDDLKNLNTTAVTKGIVSLPPSYQICFIPV
AAS_CYP9,16.8,2C9,MDSLVVLVLCLSCLLLLSLWRQSSGRGKLPPGPTPLPVIGNILQIGIKDISKSLTNLSKVYGPVFTLYFGLKPIVVLHGYEAVKEALIDLGEEFSGRGIFPLAERANRGFGIVFSNGKKWKEIRRFSLMTLRNFGMGKRSIEDRVQEEARCLVEELRKTKASPCDPTFILGCAPCNVICSIIFHKRFDYKDQQFLNLMEKLNENIKILSSPWIQICNNFSPIIDYFPGTHNKLLKNVAFMKSYILEKVKEHQESMDMNNPQDFIDCFLMKMEKEKHNQPSEFTIESLENTAVDLFGAGTETTSTTLRYALLLLLKHPEVTAKVQEEIERVIGRNRSPCMQDRSHMPYTDAVVHEVQRYIDLLPTSLPHAVTCDIKFRNYLIPKGTTILISLTSVLHDNKEFPNPEMFDPHHFLDEGGNFKKSKYFMPFSAGKRICVGEALAGMELFLFLTSILQNFNLKSLVDPKNLDTTPVVNGFASVPPFYQLCFIPV
AAS_CYP9,3.2,2C19,MDPFVVLVLCLSCLLLLSIWRQSSGRGKLPPGPTPLPVIGNILQIDIKDVSKSLTNLSKIYGPVFTLYFGLERMVVLHGYEVVKEALIDLGEEFSGRGHFPLAERANRGFGIVFSNGKRWKEIRRFSLMTLRNFGMGKRSIEDRVQEEARCLVEELRKTKASPCDPTFILGCAPCNVICSIIFQKRFDYKDQQFLNLMEKLNENIRIVSTPWIQICNNFPTIIDYFPGTHNKLLKNLAFMESDILEKVKEHQESMDINNPRDFIDCFLIKMEKEKQNQQSEFTIENLVITAADLLGAGTETTSTTLRYALLLLLKHPEVTAKVQEEIERVVGRNRSPCMQDRGHMPYTDAVVHEVQRYIDLIPTSLPHAVTCDVKFRNYLIPKGTTILTSLTSVLHDNKEFPNPEMFDPRHFLDEGGNFKKSNYFMPFSAGKRICVGEGLARMELFLFLTFILQNFNLKSLIDPKDLDTTPVVNGFASVPPFYQLCFIPV
AAS_CYP9,1.8,2D6,MGLEALVPLAVIVAIFLLLVDLMHRRQRWAARYPPGPLPLPGLGNLLHVDFQNTPYCFDQLRRRFGDVFSLQLAWTPVVVLNGLAAVREALVTHGEDTADRPPVPITQILGFGPRSQGVFLARYGPAWREQRRFSVSTLRNLGLGKKSLEQWVTEEAACLCAAFANHSGRPFRPNGLLDKAVSNVIASLTCGRRFEYDDPRFLRLLDLAQEGLKEESGFLREVLNAVPVLLHIPALAGKVLRFQKAFLTQLDELLTEHRMTWDPAQPPRDLTEAFLAEMEKAKGNPESSFNDENLRIVVADLFSAGMVTTSTTLAWGLLLMILHPDVQRRVQQEIDDVIGQVRRPEMGDQAHMPYTTAVIHEVQRFGDIVPLGVTHMTSRDIEVQGFRIPKGTTLITNLSSVLKDEAVWEKPFRFHPEHFLDAQGHFVKPEAFLPFSAGRRACLGEPLARMELFLFFTSLLQHFSFSVPTGQPRPSHHGVFAFLVSPSPYELCAVPR
AAS_CYP9,14.1,2E1,MSALGVTVALLVWAAFLLLVSMWRQVHSSWNLPPGPFPLPIIGNLFQLELKNIPKSFTRLAQRFGPVFTLYVGSQRMVVMHGYKAVKEALLDYKDEFSGRGDLPAFHAHRDRGIIFNNGPTWKDIRRFSLTTLRNYGMGKQGNESRIQREAHFLLEALRKTQGQPFDPTFLIGCAPCNVIADILFRKHFDYNDEKFLRLMYLFNENFHLLSTPWLQLYNNFPSFLHYLPGSHRKVIKNVAEVKEYVSERVKEHHQSLDPNCPRDLTDCLLVEMEKEKHSAERLYTMDGITVTVADLFFAGTETTSTTLRYGLLILMKYPEIEEKLHEEIDRVIGPSRIPAIKDRQEMPYMDAVVHEIQRFITLVPSNLPHEATRDTIFRGYLIPKGTVVVPTLDSVLYDNQEFPDPEKFKPEHFLNENGKFKYSDYFKPFSTGKRVCAGEGLARMELFLLLCAILQHFNLKPLVDPKDIDLSPIHIGFGCIPPRYKLCVIPRS
UGT_TYPE,13,1A1,MAVESQGGRPLVLGLLLCVLGPVVSHAGKILLIPVDGSHWLSMLGAIQQLQQRGHEIVVLAPDASLYIRDGAFYTLKTYPVPFQREDVKESFVSLGHNVFENDSFLQRVIKTYKKIKKDSAMLLSGCSHLLHNKELMASLAESSFDVMLTDPFLPCSPIVAQYLSLPTVFFLHALPCSLEFEATQCPNPFSYVPRPLSSHSDHMTFLQRVKNMLIAFSQNFLCDVVYSPYATLASEFLQREVTVQDLLSSASVWLFRSDFVKDYPRPIMPNMVFVGGINCLHQNPLSQEFEAYINASGEHGIVVFSLGSMVSEIPEKKAMAIADALGKIPQTVLWRYTGTRPSNLANNTILVKWLPQNDLLGHPMTRAFITHAGSHGVYESICNGVPMVMMPLFGDQMDNAKRMETKGAGVTLNVLEMTSEDLENALKAVINDKSYKENIMRLSSLHKDRPVEPLDLAVFWVEFVMRHKGAPHLRPAAHDLTWYQYHSLDVIGFLLAVVLTVAFITFKCCAYGYRKCLGKKGRVKKAHKSKTH
UGT_TYPE,3,1A3,MATGLQVPLPWLATGLLLLLSVQPWAESGKVLVVPIDGSHWLSMREVLRELHARGHQAVVLTPEVNMHIKEENFFTLTTYAISWTQDEFDRHVLGHTQLYFETEHFLKKFFRSMAMLNNMSLVYHRSCVELLHNEALIRHLNATSFDVVLTDPVNLCAAVLAKYLSIPTVFFLRNIPCDLDFKGTQCPNPSSYIPRLLTTNSDHMTFMQRVKNMLYPLALSYICHAFSAPYASLASELFQREVSVVDILSHASVWLFRGDFVMDYPRPIMPNMVFIGGINCANRKPLSQEFEAYINASGEHGIVVFSLGSMVSEIPEKKAMAIADALGKIPQTVLWRYTGTRPSNLANNTILVKWLPQNDLLGHPMTRAFITHAGSHGVYESICNGVPMVMMPLFGDQMDNAKRMETKGAGVTLNVLEMTSEDLENALKAVINDKSYKENIMRLSSLHKDRPVEPLDLAVFWVEFVMRHKGAPHLRPAAHDLTWYQYHSLDVIGFLLAVVLTVAFITFKCCAYGYRKCLGKKGRVKKAHKSKTH
UGT_TYPE,13,1A4,MARGLQVPLPRLATGLLLLLSVQPWAESGKVLVVPTDGSPWLSMREALRELHARGHQAVVLTPEVNMHIKEEKFFTLTAYAVPWTQKEFDRVTLGYTQGFFETEHLLKRYSRSMAIMNNVSLALHRCCVELLHNEALIRHLNATSFDVVLTDPVNLCGAVLAKYLSIPAVFFWRYIPCDLDFKGTQCPNPSSYIPKLLTTNSDHMTFLQRVKNMLYPLALSYICHTFSAPYASLASELFQREVSVVDLVSYASVWLFRGDFVMDYPRPIMPNMVFIGGINCANGKPLSQEFEAYINASGEHGIVVFSLGSMVSEIPEKKAMAIADALGKIPQTVLWRYTGTRPSNLANNTILVKWLPQNDLLGHPMTRAFITHAGSHGVYESICNGVPMVMMPLFGDQMDNAKRMETKGAGVTLNVLEMTSEDLENALKAVINDKSYKENIMRLSSLHKDRPVEPLDLAVFWVEFVMRHKGAPHLRPAAHDLTWYQYHSLDVIGFLLAVVLTVAFITFKCCAYGYRKCLGKKGRVKKAHKSKTH
UGT_TYPE,4,1A6,MACLLRSFQRISAGVFFLALWGMVVGDKLLVVPQDGSHWLSMKDIVEVLSDRGHEIVVVVPEVNLLLKESKYYTRKIYPVPYDQEELKNRYQSFGNNHFAERSFLTAPQTEYRNNMIVIGLYFINCQSLLQDRDTLNFFKESKFDALFTDPALPCGVILAEYLGLPSVYLFRGFPCSLEHTFSRSPDPVSYIPRCYTKFSDHMTFSQRVANFLVNLLEPYLFYCLFSKYEELASAVLKRDVDIITLYQKVSVWLLRYDFVLEYPRPVMPNMVFIGGINCKKRKDLSQEFEAYINASGEHGIVVFSLGSMVSEIPEKKAMATADALGKIPQTVLWRYTGTRPSNLANNTILVKWLPQNDLLGHPMTRAFITHAGSHGVYESICNGVPMVMMPLFGDQMDNAKRMETKGAGVTLNVLEMTSEDLENALKAVINDKSYKENIMRLSSLHKDRPVEPLDLAVFWVEFVMRHKGAPHLRPAAHDLTWYQYHSLDVIGFLLAVVLTVAFITFKCCAYGYRKCLGKKGRVKKAHKSKTH
UGT_TYPE,9,1A9,MACTGWTSPLPLCVCLLLTCGFAEAGKLLVVPMDGSHWFTMRSVVEKLILRGHEVVVVMPEVSWQLGRSLNCTVKTYSTSYTLEDLDREFKAFAHAQWKAQVRSIYSLLMGSYNDIFDLFFSNCRSLFKDKKLVEYLKESSFDAVFLDPFDNCGLIVAKYFSLPSVVFARGILCHYLEEGAQCPAPLSYVPRILLGFSDAMTFKERVRNHIMHLEEHLLCHRFFKNALEIASEILQTPVTEYDLYSHTSIWLLRTDFVLDYPKPVMPNMIFIGGINCHQGKPLPMEFEAYINASGEHGIVVFSLGSMVSEIPEKKAMAIADALGKIPQTVLWRYTGTRPSNLANNTILVKWLPQNDLLGHPMTRAFITHAGSHGVYESICNGVPMVMMPLFGDQMDNAKRMETKGAGVTLNVLEMTSEDLENALKAVINDKSYKENIMRLSSLHKDRPVEPLDLAVFWVEFVMRHKGAPHLRPAAHDLTWYQYHSLDVIGFLLAVVLTVAFITFKCCAYGYRKCLGKKGRVKKAHKSKTH
UGT_TYPE,13,2B4,MSMKWTSALLLIQLSCYFSSGSCGKVLVWPTEFSHWMNIKTILDELVQRGHEVTVLASSASISFDPNSPSTLKFEVYPVSLTKTEFEDIIKQLVKRWAELPKDTFWSYFSQVQEIMWTFNDILRKFCKDIVSNKKLMKKLQESRFDVVLADAVFPFGELLAELLKIPFVYSLRFSPGYAIEKHSGGLLFPPSYVPVVMSELSDQMTFIERVKNMIYVLYFEFWFQIFDMKKWDQFYSEVLGRPTTLSETMAKADIWLIRNYWDFQFPHPLLPNVEFVGGLHCKPAKPLPKEMEEFVQSSGENGVVVFSLGSMVSNTSEERANVIASALAKIPQKVLWRFDGNKPDTLGLNTRLYKWIPQNDLLGHPKTRAFITHGGANGIYEAIYHGIPMVGVPLFADQPDNIAHMKAKGAAVSLDFHTMSSTDLLNALKTVINDPLYKENAMKLSRIHHDQPVKPLDRAVFWIEFVMRHKGAKHLRVAAHDLTWFQYHSLDVTGFLLACVATVIFIITKCLFCVWKFVRTGKKGKRD
UGT_TYPE,28,2B7,MSVKWTSVILLIQLSFCFSSGNCGKVLVWAAEYSHWMNIKTILDELIQRGHEVTVLASSASILFDPNNSSALKIEIYPTSLTKTELENFIMQQIKRWSDLPKDTFWLYFSQVQEIMSIFGDITRKFCKDVVSNKKFMKKVQESRFDVIFADAIFPCSELLAELFNIPFVYSLSFSPGYTFEKHSGGFIFPPSYVPVVMSELTDQMTFMERVKNMIYVLYFDFWFEIFDMKKWDQFYSEVLGRPTTLSETMGKADVWLIRNSWNFQFPYPLLPNVDFVGGLHCKPAKPLPKEMEDFVQSSGENGVVVFSLGSMVSNMTEERANVIASALAQIPQKVLWRFDGNKPDTLGLNTRLYKWIPQNDLLGHPKTRAFITHGGANGIYEAIYHGIPMVGIPLFADQPDNIAHMKARGAAVRVDFNTMSSTDLLNALKRVINDPSYKENVMKLSRIQHDQPVKPLDRAVFWIEFVMRHKGAKHLRVAAHDLTWFQYHSLDVIGFLLVCVATVIFIVTKCCLFCFWKFARKAKKGKND
UGT_TYPE,3,2B10,MALKWTTVLLIQLSFYFSSGSCGKVLVWAAEYSLWMNMKTILKELVQRGHEVTVLASSASILFDPNDSSTLKLEVYPTSLTKTEFENIIMQLVKRLSEIQKDTFWLPFSQEQEILWAINDIIRNFCKDVVSNKKLMKKLQESRFDIVFADAYLPCGELLAELFNIPFVYSHSFSPGYSFERHSGGFIFPPSYVPVVMSKLSDQMTFMERVKNMLYVLYFDFWFQIFNMKKWDQFYSEVLGRPTTLSETMRKADIWLMRNSWNFKFPHPFLPNVDFVGGLHCKPAKPLPKEMEEFVQSSGENGVVVFSLGSMVSNMTEERANVIATALAKIPQKVLWRFDGNKPDALGLNTRLYKWIPQNDLLGHPKTRAFITHGGANGIYEAIYHGIPMVGIPLFFDQPDNIAHMKAKGAAVRVDFNTMSSTDLLNALKTVINDPSYKENIMKLSRIQHDQPVKPLDRAVFWIEFVMRHKGAKHLRVAAHNLTWFQYHSLDVIGFLLACVATVLFIITKCCLFCFWKFARKGKKGKRD
UGT_TYPE,12,2B15,MSLKWTSVFLLIQLSCYFSSGSCGKVLVWPTEYSHWINMKTILEELVQRGHEVTVLTSSASTLVNASKSSAIKLEVYPTSLTKNYLEDSLLKILDRWIYGVSKNTFWSYFSQLQELCWEYYDYSNKLCKDAVLNKKLMMKLQESKFDVILADALNPCGELLAELFNIPFLYSLRFSVGYTFEKNGGGFLFPPSYVPVVMSELSDQMIFMERIKNMIHMLYFDFWFQIYDLKKWDQFYSEVLGRPTTLFETMGKAEMWLIRTYWDFEFPRPFLPNVDFVGGLHCKPAKPLPKEMEEFVQSSGENGIVVFSLGSMISNMSEESANMIASALAQIPQKVLWRFDGKKPNTLGSNTRLYKWLPQNDLLGHPKTKAFITHGGTNGIYEAIYHGIPMVGIPLFADQHDNIAHMKAKGAALSVDIRTMSSRDLLNALKSVINDPVYKENVMKLSRIHHDQPMKPLDRAVFWIEFVMRHKGAKHLRVAAHNLTWIQYHSLDVIAFLLACVATVIFIITKFCLFCFRKLAKKGKKKKRD
UGT_TYPE,2,2B17,MSLKWMSVFLLMQLSCYFSSGSCGKVLVWPTEYSHWINMKTILEELVQRGHEVIVLTSSASILVNASKSSAIKLEVYPTSLTKNDLEDFFMKMFDRWTYSISKNTFWSYFSQLQELCWEYSDYNIKLCEDAVLNKKLMRKLQESKFDVLLADAVNPCGELLAELLNIPFLYSLRFSVGYTVEKNGGGFLFPPSYVPVVMSELSDQMIFMERIKNMIYMLYFDFWFQAYDLKKWDQFYSEVLGRPTTLFETMGKAEMWLIRTYWDFEFPRPFLPNVDFVGGLHCKPAKPLPKEMEEFVQSSGENGIVVFSLGSMISNMSEESANMIASALAQIPQKVLWRFDGKKPNTLGSNTRLYKWLPQNDLLGHPKTKAFITHGGTNGIYEAIYHGIPMVGIPLFADQHDNIAHMKAKGAALSVDIRTMSSRDLLNALKSVINDPIYKENIMKLSRIHHDQPVKPLDRAVFWIEFVMRHKGAKHLRVAAHNLTWIQYHSLDVIAFLLACVATMIFMITKCCLFCFRKLAKTGKKKKRD
SULTs,53,1A1,MELIQDTSRPPLEYVKGVPLIKYFAEALGPLQSFQARPDDLLISTYPKSGTTWVSQILDMIYQGGDLEKCHRAPIFMRVPFLEFKAPGIPSGMETLKDTPAPRLLKTHLPLALLPQTLLDQKVKVVYVARNAKDVAVSYYHFYHMAKVHPEPGTWDSFLEKFMVGEVSYGSWYQHVQEWWELSRTHPVLYLFYEDMKENPKREIQKILEFVGRSLPEETVDFVVQHTSFKEMKKNPMTNYTTVPQEFMDHSISPFMRKGMAGDWKTTFTVAQNERFDADYAEKMAGCSLSFRSEL
SULTs,14,1B1,MLSPKDILRKDLKLVHGYPMTCAFASNWEKIEQFHSRPDDIVIATYPKSGTTWVSEIIDMILNDGDIEKCKRGFITEKVPMLEMTLPGLRTSGIEQLEKNPSPRIVKTHLPTDLLPKSFWENNCKMIYLARNAKDVSVSYYHFDLMNNLQPFPGTWEEYLEKFLTGKVAYGSWFTHVKNWWKKKEEHPILFLYYEDMKENPKEEIKKIIRFLEKNLNDEILDRIIHHTSFEVMKDNPLVNYTHLPTTVMDHSKSPFMRKGTAGDWKNYFTVAQNEKFDAIYETEMSKTALQFRTEI
SULTs,6,1E1,MNSELDYYEKFEEVHGILMYKDFVKYWDNVEAFQARPDDLVIATYPKSGTTWVSEIVYMIYKEGDVEKCKEDVIFNRIPFLECRKENLMNGVKQLDEMNSPRIVKTHLPPELLPASFWEKDCKIIYLCRNAKDVAVSFYYFFLMVAGHPNPGSFPEFVEKFMQGQVPYGSWYKHVKSWWEKGKSPRVLFLFYEDLKEDIRKEVIKLIHFLERKPSEELVDRIIHHTSFQEMKNNPSTNYTTLPDEIMNQKLSPFMRKGITGDWKNHFTVALNEKFDKHYEQQMKESTLKFRTEI
SULTs,27,2A1,MSDDFLWFEGIAFPTMGFRSETLRKVRDEFVIRDEDVIILTYPKSGTNWLAEILCLMHSKGDAKWIQSVPIWERSPWVESEIGYTALSETESPRLFSSHLPIQLFPKSFFSSKAKVIYLMRNPRDVLVSGYFFWKNMKFIKKPKSWEEYFEWFCQGTVLYGSWFDHIHGWMPMREEKNFLLLSYEELKQDTGRTIEKICQFLGKTLEPEELNLILKNSSFQSMKENKMSNYSLLSVDYVVDKAQLLRKGVSGDWKNHFTVAQAEDFDKLFQEKMADLPRELFPWE